name,crs
Aberdare Rail Station,ABA
Aberdour Rail Station,AUR
Aberdovey Rail Station,AVY
Aber Rail Station,ABE
Abergele & Pensarn Rail Station,AGL
Abercynon Rail Station,ACY
Aberdeen Rail Station,ABD
Abererch Rail Station,ABH
Abergavenny Rail Station,AGV
Aberystwyth Rail Station,AYW
Abbey Wood Rail Station,ABW
Acton Bridge Rail Station,ACB
Achanalt Rail Station,AAT
Achnashellach Rail Station,ACH
Auchinleck Rail Station,AUK
Achnasheen Rail Station,ACN
Acklington Rail Station,ACK
Acle Rail Station,ACL
Acocks Green Rail Station,ACG
Accrington Rail Station,ACR
Acton Central Rail Station,ACC
Acton Main Line Rail Station,AML
Adderley Park Rail Station,ADD
Addiewell Rail Station,ADW
Adisham Rail Station,ADM
Adlington (Cheshire) Rail Station,ADC
Addlestone Rail Station,ASN
Adlington (Lancs) Rail Station,ADL
Adwick Rail Station,AWK
Aughton Park Rail Station,AUG
Aigburth Rail Station,AIG
Ainsdale Rail Station,ANS
Aintree Rail Station,AIN
Airbles Rail Station,AIR
Airdrie Rail Station,ADR
Newcastle Airport Metro,APN
Albany Park Rail Station,AYP
Albrighton Rail Station,ALB
Alderley Edge Rail Station,ALD
Aldermaston Rail Station,AMT
Aldershot Rail Station,AHT
Aldrington Rail Station,AGT
Alexandra Palace Rail Station,AAP
Alfreton Rail Station,ALF
Allens West Rail Station,ALW
Alloa Rail Station,ALO
Alness Rail Station,ASS
Alnmouth Rail Station,ALM
Alresford (Essex) Rail Station,ALR
Alsager Rail Station,ASG
Aylesham Rail Station,AYH
Althorne Rail Station,ALN
Altnabreac Rail Station,ABC
Alton Rail Station,AON
Althorpe Rail Station,ALP
Altrincham Rail Station,ALT
Alvechurch Rail Station,ALV
Alexandria Rail Station,ALX
Alexandra Parade Rail Station,AXP
Ambergate Rail Station,AMB
Amersham Rail Station,AMR
Amberley Rail Station,AMY
Ammanford Rail Station,AMF
Ancaster Rail Station,ANC
Andover Rail Station,ADV
Anderston Rail Station,AND
Anerley Rail Station,ANZ
Angel Road Rail Station,AGR
Angmering Rail Station,ANG
Annan Rail Station,ANN
Ansdell & Fairhaven Rail Station,AFV
Anniesland Rail Station,ANL
Appleby Rail Station,APP
Appledore (Kent) Rail Station,APD
Apperley Bridge Rail Station,APY
Appley Bridge Rail Station,APB
Appleford Rail Station,APF
Apsley Rail Station,APS
Arbroath Rail Station,ARB
Arrochar & Tarbet Rail Station,ART
Ardgay Rail Station,ARD
Ardlui Rail Station,AUI
Ardrossan Harbour Rail Station,ADS
Ardrossan South Beach Rail Station,ASB
Ardrossan Town Rail Station,ADN
Ardwick Rail Station,ADK
Argyle Street Rail Station,AGS
Arisaig Rail Station,ARG
Arlesey Rail Station,ARL
Armadale (W Lothian) Rail Station,ARM
Armathwaite Rail Station,AWT
Arnside Rail Station,ARN
Arram Rail Station,ARR
Arundel Rail Station,ARU
Ascot Rail Station,ACT
Ascott-under-Wychwood Rail Station,AUW
Ashford (Surrey) Rail Station,AFS
Ashfield Rail Station,ASF
Ashburys Rail Station,ABY
Ashchurch for Tewkesbury Rail Station,ASC
Ashtead Rail Station,AHD
Ashford International Rail Station,AFK
Ash Rail Station,ASH
Ashley Rail Station,ASY
Ashton-under-Lyne Rail Station,AHN
Ashurst (Kent) Rail Station,AHS
Ash Vale Rail Station,AHV
Ashwell & Morden Rail Station,AWM
Askam Rail Station,ASK
Aslockton Rail Station,ALK
Aspley Guise Rail Station,APG
Aspatria Rail Station,ASP
Aston Rail Station,AST
Attadale Rail Station,ATT
Atherton Rail Station,ATN
Atherstone Rail Station,ATH
Attenborough Rail Station,ATB
Attleborough Rail Station,ATL
Audley End Rail Station,AUD
Aviemore Rail Station,AVM
Avoncliff Rail Station,AVF
Avonmouth Rail Station,AVN
Axminster Rail Station,AXM
Aylesford Rail Station,AYL
Aylesbury Rail Station,AYS
Aylesbury Vale Parkway Rail Station,AVP
Ayr Rail Station,AYR
Bache Rail Station,BAC
Burnage Rail Station,BNA
Bagshot Rail Station,BAG
Baildon Rail Station,BLD
Balcombe Rail Station,BAB
Baldock Rail Station,BDK
Balham Rail Station,BAL
Baillieston Rail Station,BIO
Balloch Rail Station,BHC
Balmossie Rail Station,BSI
Bamford Rail Station,BAM
Banavie Rail Station,BNV
Bangor (Gwynedd) Rail Station,BNG
Banstead Rail Station,BAD
Barassie Rail Station,BSS
Bare Lane Rail Station,BAR
Bargoed Rail Station,BGD
Barking Rail Station,BKG
Barlaston Rail Station,BRT
Barming Rail Station,BMG
Barnes Rail Station,BNS
Barrow-in-Furness Rail Station,BIF
Barrow upon Soar Rail Station,BWS
Barry Rail Station,BRY
Barry Docks Rail Station,BYD
Barry Island Rail Station,BYI
Barrow Haven Rail Station,BAV
Basildon Rail Station,BSO
Bat & Ball Rail Station,BBL
Bath Spa Rail Station,BTH
Batley Rail Station,BTL
Battersea Park Rail Station,BAK
Battle Rail Station,BAT
Bayford Rail Station,BAY
Birchgrove Rail Station,BCG
Beckenham Hill Rail Station,BEC
Beckenham Junction Rail Station,BKJ
Blackwater Rail Station,BAW
Buckley Rail Station,BCK
Birchington-on-Sea Rail Station,BCH
Beaconsfield Rail Station,BCF
Bicester North Rail Station,BCS
Bicester Village Rail Station,BIT
Bricket Wood Rail Station,BWO
Bedhampton Rail Station,BDH
Bedminster Rail Station,BMT
Bidston Rail Station,BID
Bearley Rail Station,BER
Beasdale Rail Station,BSL
Beauly Rail Station,BEL
Bebington Rail Station,BEB
Beccles Rail Station,BCC
Bedford Rail Station,BDM
Bedworth Rail Station,BEH
Bedwyn Rail Station,BDW
Bekesbourne Rail Station,BKS
Belmont Rail Station,BLM
Bellingham Rail Station,BGM
Belper Rail Station,BLP
Belvedere Rail Station,BVD
Bempton Rail Station,BEM
Benfleet Rail Station,BEF
Bere Alston Rail Station,BAS
Bere Ferrers Rail Station,BFE
Berkhamsted Rail Station,BKM
Bermuda Park Rail Station,BEP
Berry Brow Rail Station,BBW
Berwick (Sussex) Rail Station,BRK
Bescar Lane Rail Station,BES
Bedford St Johns Rail Station,BSJ
Beeston Rail Station,BEE
Betws-y-Coed Rail Station,BYC
Beverley Rail Station,BEV
Bexhill Rail Station,BEX
Bexley Rail Station,BXY
Baglan Rail Station,BAJ
Bridge of Allan Rail Station,BEA
Barnt Green Rail Station,BTG
Birmingham International Rail Station,BHI
Jewellery Quarter Rail Station,JEQ
Birmingham Moor Street Rail Station,BMO
Birmingham New Street Rail Station,BHM
Birmingham Snow Hill Rail Station,BSW
Bush Hill Park Rail Station,BHK
Bickley Rail Station,BKL
Biggleswade Rail Station,BIW
Bilbrook Rail Station,BBK
Billericay Rail Station,BIC
Billingshurst Rail Station,BIG
Bingham Rail Station,BIN
Birchwood Rail Station,BWD
Birkbeck Rail Station,BIK
Bishopton Rail Station,BPT
Burntisland Rail Station,BTS
Bitterne Rail Station,BTE
Birkdale Rail Station,BDL
Brockholes Rail Station,BHS
Bucknell Rail Station,BUK
Brockenhurst Rail Station,BCU
Berkswell Rail Station,BKW
Blaenau Ffestiniog Rail Station,BFF
Blairhill Rail Station,BAI
Blakedown Rail Station,BKD
Blantyre Rail Station,BLT
Blair Atholl Rail Station,BLA
Blaydon Rail Station,BLO
Blackhorse Road Rail Station,BHO
Blackpool Pleasure Beach Rail Station,BPB
Blackpool North Rail Station,BPN
Blackpool South Rail Station,BPS
Bleasby Rail Station,BSB
London Blackfriars Rail Station,BFR
Bellgrove Rail Station,BLG
Beaulieu Road Rail Station,BEU
Blackburn Rail Station,BBN
Blackheath Rail Station,BKH
Blackridge Rail Station,BKR
Blake Street Rail Station,BKT
Belle Vue Rail Station,BLV
Blundellsands & Crosby Rail Station,BLN
Billingham Rail Station,BIL
Bloxwich North Rail Station,BWN
Bloxwich Rail Station,BLX
Blackrod Rail Station,BLK
Bellshill Rail Station,BLH
Bletchley Rail Station,BLY
Bolton-Upon-Dearne Rail Station,BTD
Beltring Rail Station,BEG
Blythe Bridge Rail Station,BYB
Bamber Bridge Rail Station,BMB
Bramhall Rail Station,BML
Bramley (Hants) Rail Station,BMY
Banbury Rail Station,BAN
Brandon Rail Station,BND
Bingley Rail Station,BIY
Burnham (Berks) Rail Station,BNM
Barnhill Rail Station,BNL
Bank Hall Rail Station,BAH
Ben Rhydding Rail Station,BEY
Barnes Bridge Rail Station,BNI
Burneside (Cumbria) Rail Station,BUD
Barnsley Rail Station,BNY
Barnetby Rail Station,BTB
Bentley (Hants) Rail Station,BTY
Brentford Rail Station,BFD
Bentham Rail Station,BEN
Brunswick Rail Station,BRW
Bodmin Parkway Rail Station,BOD
Bodorgan Rail Station,BOR
Bognor Regis Rail Station,BOG
Bogston Rail Station,BGS
Bolton Rail Station,BON
Bournemouth Rail Station,BMH
Bookham Rail Station,BKA
Bridge of Orchy Rail Station,BRO
Bootle (Cumbria) Rail Station,BOC
Bootle New Strand Rail Station,BNW
Bootle Oriel Road Rail Station,BOT
Bourne End Rail Station,BNE
Borth Rail Station,BRH
Borough Green & Wrotham Rail Station,BRG
Bosham Rail Station,BOH
Boston Rail Station,BSN
Bottesford Rail Station,BTF
Botley Rail Station,BOE
Bournville Rail Station,BRV
Bow Brickhill Rail Station,BWB
Bowes Park Rail Station,BOP
Bowling Rail Station,BWG
Box Hill & Westhumble Rail Station,BXW
Bracknell Rail Station,BCE
Bradford Forster Square Rail Station,BDQ
Bradford Interchange Rail Station,BDI
Braintree Freeport Rail Station,BTP
Braintree Rail Station,BTR
Brampton (Suffolk) Rail Station,BRP
Branksome Rail Station,BSM
Broadbottom Rail Station,BDB
Brondesbury Rail Station,BSY
Brondesbury Park Rail Station,BSP
Bradford-on-Avon Rail Station,BOA
Bridgwater Rail Station,BWT
Brading Rail Station,BDN
Bridlington Rail Station,BDT
Bardon Mill Rail Station,BLL
Bordesley Rail Station,BBS
Bredbury Rail Station,BDY
Breich Rail Station,BRC
Broughty Ferry Rail Station,BYF
Broomfleet Rail Station,BMF
Bargeddie Rail Station,BGI
Bridgend Rail Station,BGN
Brigg Rail Station,BGG
London Road (Brighton) Rail Station,LRB
Brighton Rail Station,BTN
Barrhead Rail Station,BRR
Barnham Rail Station,BAA
Brighouse Rail Station,BGH
Bridgeton Rail Station,BDG
Brierfield Rail Station,BRF
Brimsdown Rail Station,BMD
Briton Ferry Rail Station,BNF
Brithdir Rail Station,BHD
Brixton Rail Station,BRX
Brookmans Park Rail Station,BPK
Conway Park Rail Station,CNP
Birkenhead Central Rail Station,BKC
Birkenhead North Rail Station,BKN
Birkenhead Park Rail Station,BKP
Brookwood Rail Station,BKO
Berrylands Rail Station,BRS
Burley Park Rail Station,BUY
Bromborough Rail Station,BOM
Bromborough Rake Rail Station,BMR
Bromley Cross Rail Station,BMC
Bramley (West Yorks) Rail Station,BLE
Barmouth Rail Station,BRM
Brampton (Cumbria) Rail Station,BMP
Bromsgrove Rail Station,BMV
Branchton Rail Station,BCN
Brinnington Rail Station,BNT
Barnehurst Rail Station,BNH
Burnham-on-Crouch Rail Station,BUU
Barnstaple Rail Station,BNP
Berney Arms Rail Station,BYA
Broad Green Rail Station,BGE
Brockley Rail Station,BCY
Bromley North Rail Station,BMN
Bromley South Rail Station,BMS
Broome Rail Station,BME
Brora Rail Station,BRA
Brough Rail Station,BUH
Broxbourne Rail Station,BXB
Barrhill Rail Station,BRL
Barry Links Rail Station,BYL
Burscough Bridge Rail Station,BCB
Burscough Junction Rail Station,BCJ
Burnside (Strathclyde) Rail Station,BUI
Broadstairs Rail Station,BSR
Bristol Temple Meads Rail Station,BRI
Bristol Parkway Rail Station,BPW
Barton-on-Humber Rail Station,BAU
Burton Joyce Rail Station,BUJ
Brentwood Rail Station,BRE
Bruce Grove Rail Station,BCV
Brundall Rail Station,BDA
Brundall Gardens Rail Station,BGA
Brunstane Rail Station,BSU
Bruton Rail Station,BRU
Berwick-upon-Tweed Rail Station,BWK
Brockley Whins Rail Station,BNR
Bryn Rail Station,BYN
Braystones Rail Station,BYS
Bishop Auckland Rail Station,BIA
Bescot Stadium Rail Station,BSC
Bearsden Rail Station,BRN
Bishopbriggs Rail Station,BBG
Bishops Stortford Rail Station,BIS
Basingstoke Rail Station,BSK
Bishop's Lydeard,BIB
Bishopstone Rail Station,BIP
Bearsted Rail Station,BSD
Bury St Edmunds Rail Station,BSE
Betchworth Rail Station,BTO
Bathgate Rail Station,BHG
Bethnal Green Rail Station,BET
Butlers Lane Rail Station,BUL
Battlesbridge Rail Station,BLB
Bentley (S Yorks) Rail Station,BYK
Battersby Rail Station,BTT
Buckenham Rail Station,BUC
Bugle Rail Station,BGL
Builth Road Rail Station,BHR
Bulwell Rail Station,BLW
Bures Rail Station,BUE
Burgess Hill Rail Station,BUG
Burley-in-Wharfedale Rail Station,BUW
Burnley Barracks Rail Station,BUB
Burnley Central Rail Station,BNC
Burnley Manchester Road Rail Station,BYM
Bursledon Rail Station,BUO
Burton-on-Trent Rail Station,BUT
Busby Rail Station,BUS
Bushey Rail Station,BSH
Buxton Rail Station,BUX
Bexleyheath Rail Station,BXH
Buxted Rail Station,BXD
Byfleet & New Haw Rail Station,BFN
Bynea Rail Station,BYE
Cadoxton Rail Station,CAD
Caergwrle Rail Station,CGW
Calstock Rail Station,CSK
Cambridge Rail Station,CBG
Camelon Rail Station,CMO
Cambridge Heath (London) Rail Station,CBH
Cambridge North Rail Station, CMB
Canley Rail Station,CNL
London Cannon Street Rail Station,CST
Carbis Bay Rail Station,CBB
Cardiff Bay Rail Station,CDB
Cardiff Queen Street Rail Station,CDQ
Carfin Rail Station,CRF
Cark Rail Station,CAK
Carlisle Rail Station,CAR
Carmyle Rail Station,CML
Carrbridge Rail Station,CAG
Caersws Rail Station,CWS
Castleford Rail Station,CFD
Caterham Rail Station,CAT
Catford Bridge Rail Station,CFB
Catford Rail Station,CTF
Cathays Rail Station,CYS
Cattal Rail Station,CTL
Causeland Rail Station,CAU
Castle Bar Park Rail Station,CBP
Colwyn Bay Rail Station,CWB
Crowborough Rail Station,COH
Cobham & Stoke d'Abernon Rail Station,CSD
Camborne Rail Station,CBN
Cranbrook Rail Station,CBK
Castle Cary Rail Station,CLC
Cathcart Rail Station,CCT
Caldicot Rail Station,CDT
Cardenden Rail Station,CDD
Cardonald Rail Station,CDO
Cardross Rail Station,CDR
Cefn-y-Bedd Rail Station,CYB
Croftfoot Rail Station,CFF
Crossflatts Rail Station,CFL
Crofton Park Rail Station,CFT
Chafford Hundred Rail Station,CFH
Chapelton (Devon) Rail Station,CPN
Chartham Rail Station,CRT
Chassen Road Rail Station,CSR
Chatham Rail Station,CTM
Charlbury Rail Station,CBY
Chichester Rail Station,CCH
Cheadle Hulme Rail Station,CHU
Cheddington Rail Station,CED
Chadwell Heath Rail Station,CTH
Cheam Rail Station,CHE
Chapel-en-le-Frith Rail Station,CEF
Chelford Rail Station,CEL
Chepstow Rail Station,CPW
Cheshunt Rail Station,CHN
Chetnole Rail Station,CNO
Chesterfield Rail Station,CHD
Church Fenton Rail Station,CHF
Chathill Rail Station,CHT
Chingford Rail Station,CHI
Chippenham Rail Station,CPM
Chirk Rail Station,CRK
Chiswick Rail Station,CHK
Chalfont & Latimer Rail Station,CFO
Chalkwell Rail Station,CHW
Chelmsford Rail Station,CHM
Chelsfield Rail Station,CLD
Cheltenham Spa Rail Station,CNM
Chilworth Rail Station,CHL
Chinley Rail Station,CLY
Cholsey Rail Station,CHO
Buckshaw Parkway Rail Station,BSV
Chorley Rail Station,CRL
Church & Oswaldtwistle Rail Station,CTW
Chapeltown Rail Station,CLN
Chappel & Wakes Colne Rail Station,CWC
Christchurch Rail Station,CHR
Charing Cross (Glasgow) Rail Station,CHC
Christs Hospital Rail Station,CHH
Chorleywood Rail Station,CLW
London Charing Cross Rail Station,CHX
Chipstead Rail Station,CHP
Chislehurst Rail Station,CIT
Chester Road Rail Station,CRD
Chessington North Rail Station,CSN
Chessington South Rail Station,CSS
Chester Rail Station,CTR
Chestfield & Swalecliffe Rail Station,CSW
Chatelherault Rail Station,CTE
Cherry Tree Rail Station,CYT
Chertsey Rail Station,CHY
Cilmeri Rail Station,CIM
Corkerhill Rail Station,CKH
Clacton-on-Sea Rail Station,CLT
Clandon Rail Station,CLA
Clapton Rail Station,CPT
Clarbeston Road Rail Station,CLR
Claverdon Rail Station,CLV
Hythe (Essex) Rail Station,HYH
Colchester Town Rail Station,CET
Colchester Rail Station,COL
Caledonian Road & Barnsbury Rail Station,CIR
Caldercruix Rail Station,CAC
Cleland Rail Station,CEA
Clifton Down Rail Station,CFN
Collingham Rail Station,CLM
Clitheroe Rail Station,CLH
Chilham Rail Station,CIL
Clock House Rail Station,CLK
Clapham High Street Rail Station,CLP
Clapham Junction Rail Station,CLJ
Clapham (N Yorks) Rail Station,CPY
Clarkston Rail Station,CKS
Chester-le-Street Rail Station,CLS
Cleethorpes Rail Station,CLE
Clifton (Manchester) Rail Station,CLI
Colwall Rail Station,CWL
Clydebank Rail Station,CYK
Claygate Rail Station,CLG
Clunderwen Rail Station,CUW
Cwmbach Rail Station,CMH
Camberley Rail Station,CAM
Cumbernauld Rail Station,CUB
Cambuslang Rail Station,CBL
Camden Road Rail Station,CMD
Cromer Rail Station,CMR
Carmarthen Rail Station,CMN
Cannock Rail Station,CAO
Canada Water Rail Station,ZCW
Canonbury Rail Station,CNN
Carnoustie Rail Station,CAN
Canterbury East Rail Station,CBE
Canterbury West Rail Station,CBW
Cantley Rail Station,CNY
Carntyne Rail Station,CAY
Coatbridge Central Rail Station,CBC
Coatbridge Sunnyside Rail Station,CBS
Coatdyke Rail Station,COA
Cooden Beach Rail Station,COB
Codsall Rail Station,CSL
Cogan Rail Station,CGN
Cooksbridge Rail Station,CBR
Coleshill Parkway Rail Station,CEH
Colne Rail Station,CNE
Coulsdon South Rail Station,CDS
Coulsdon Town Rail Station,CDN
Combe (Oxon) Rail Station,CME
Commondale Rail Station,COM
Conisbrough Rail Station,CNS
Congleton Rail Station,CNG
Connel Ferry Rail Station,CON
Conon Bridge Rail Station,CBD
Cononley Rail Station,CEY
Conwy Rail Station,CNW
Cookham Rail Station,COO
Coombe Junction Halt (Rail Station),COE
Copplestone Rail Station,COP
Corby Rail Station,COR
Corpach Rail Station,CPA
Corrour Rail Station,CRR
Coryton Rail Station,COY
Coseley Rail Station,CSY
Cosford Rail Station,COS
Cosham Rail Station,CSA
Cottingley Rail Station,COT
Coventry Arena Rail Station,CAA
Coventry Rail Station,COV
Cowden Rail Station,CWN
Capenhurst Rail Station,CPU
Cradley Heath Rail Station,CRA
Craven Arms Rail Station,CRV
Crawley Rail Station,CRW
Corbridge Rail Station,CRB
Corkickle Rail Station,CKL
Cardiff Central Rail Station,CDF
Crediton Rail Station,CDI
Cressing Rail Station,CES
Crewe Rail Station,CRE
Crayford Rail Station,CRY
Craigendoran Rail Station,CGD
Crews Hill Rail Station,CWH
Criccieth Rail Station,CCC
Cricklewood Rail Station,CRI
Crewkerne Rail Station,CKN
Carluke Rail Station,CLU
Charlton Rail Station,CTN
Cramlington Rail Station,CRM
Carnforth Rail Station,CNF
Charing (Kent) Rail Station,CHG
Crianlarich Rail Station,CNR
Crookston Rail Station,CKT
Cromford Rail Station,CMF
Crosshill Rail Station,COI
Croston Rail Station,CSO
Crouch Hill Rail Station,CRH
Crowle Rail Station,CWE
Croy Rail Station,CRO
Caerphilly Rail Station,CPH
Carpenders Park Rail Station,CPK
Carshalton Beeches Rail Station,CSB
Carshalton Rail Station,CSH
Crosskeys Rail Station,CKY
Crossmyloof Rail Station,CMY
Cressington Rail Station,CSG
Carstairs Rail Station,CRS
Carlton Rail Station,CTO
Cartsdyke Rail Station,CDY
Crowhurst Rail Station,CWU
Creswell (Derbys) Rail Station,CWD
Crowthorne Rail Station,CRN
Crystal Palace Rail Station,CYP
Imperial Wharf Rail Station,IMW
Chandlers Ford Rail Station,CFR
Cross Gates Rail Station,CRG
Castleton (Manchester) Rail Station,CAS
Church Stretton Rail Station,CTT
City Thameslink Rail Station,CTK
Collington Rail Station,CLL
Castleton Moor Rail Station,CSM
Cottingham Rail Station,CGM
Cuddington Rail Station,CUD
Cuffley Rail Station,CUF
Culham Rail Station,CUM
Culrain Rail Station,CUA
Cupar Rail Station,CUP
Curriehill Rail Station,CUH
Cowdenbeath Rail Station,COW
Cwmbran Rail Station,CWM
Cuxton Rail Station,CUX
Cynghordy Rail Station,CYN
Daisy Hill Rail Station,DSY
Dalgety Bay Rail Station,DAG
Dalmuir Rail Station,DMR
Dalry Rail Station,DLY
Dalston Junction Rail Station,DLJ
Dalston Kingsland Rail Station,DLK
Dalston (Cumbria) Rail Station,DLS
Dalton Rail Station,DLT
Dalwhinnie Rail Station,DLW
Danby Rail Station,DNY
Danescourt Rail Station,DCT
Danzey Rail Station,DZY
Darnall Rail Station,DAN
Darsham Rail Station,DSM
Dartford Rail Station,DFD
Darwen Rail Station,DWN
Datchet Rail Station,DAT
Davenport Rail Station,DVN
Dawlish Rail Station,DWL
Dawlish Warren Rail Station,DWW
Kelvindale Rail Station,KVD
Deal Rail Station,DEA
Dean Rail Station,DEN
Deganwy Rail Station,DGY
Deighton Rail Station,DHN
Delamere Rail Station,DLM
Denham Rail Station,DNM
Denham Golf Club Rail Station,DGC
Denmark Hill Rail Station,DMK
Dent Rail Station,DNT
Dorking Deepdene Rail Station,DPD
Deptford Rail Station,DEP
Derby Road (Ipswich) Rail Station,DBR
Devonport Rail Station,DPT
Dingle Road Rail Station,DGL
Dagenham Dock Rail Station,DDK
Didcot Parkway Rail Station,DID
Digby & Sowton Rail Station,DIG
Dilton Marsh Rail Station,DMH
Dinas Powys Rail Station,DNS
Dinas (Rhondda) Rail Station,DMG
Dingwall Rail Station,DIN
Dinsdale Rail Station,DND
Disley Rail Station,DSL
Diss Rail Station,DIS
Dalmally Rail Station,DAL
Dalmarnock Rail Station,DAK
Dalmeny Rail Station,DAM
Dalreoch Rail Station,DLR
Darlington Rail Station,DAR
Dolwyddelan Rail Station,DWD
Dumbarton Central Rail Station,DBC
Dumbarton East Rail Station,DBE
Denby Dale Rail Station,DBD
Dunfermline Town Rail Station,DFE
Dunfermline Queen Margaret Rail Station,DFL
Dunlop Rail Station,DNL
Dunrobin Castle Rail Station,DNO
Dunston Rail Station,DOT
Dinting Rail Station,DTG
Denton Rail Station,DTN
Dockyard (Plymouth) Rail Station,DOC
Dodworth Rail Station,DOD
Dolau Rail Station,DOL
Doleham Rail Station,DLH
Dolgarrog Rail Station,DLG
Doncaster Rail Station,DON
Dore & Totley Rail Station,DOR
Dorridge Rail Station,DDG
Dorking Rail Station,DKG
Dormans Rail Station,DMS
Dover Priory Rail Station,DVP
Dovercourt Rail Station,DVC
Dovey Junction Rail Station,DVY
Downham Market Rail Station,DOW
Drayton Green Rail Station,DRG
Derby Rail Station,DBY
Dorchester South Rail Station,DCH
Dorchester West Rail Station,DCW
Drem Rail Station,DRM
Durham Rail Station,DHM
Driffield Rail Station,DRF
Drigg Rail Station,DRI
Dorking West Rail Station,DKT
Drumchapel Rail Station,DMC
Drumfrochar Rail Station,DFR
Drumgelloch Rail Station,DRU
Durrington-on-Sea Rail Station,DUR
Dronfield Rail Station,DRO
Darton Rail Station,DRT
Droitwich Spa Rail Station,DTW
Drumry Rail Station,DMY
Drayton Park Rail Station,DYP
Dunton Green Rail Station,DNG
Duddeston Rail Station,DUD
Dudley Port Rail Station,DDP
Duffield Rail Station,DFI
Duirinish Rail Station,DRN
Duke Street Rail Station,DST
Dullingham Rail Station,DUL
Dumbreck Rail Station,DUM
Dumfries Rail Station,DMF
Dumpton Park Rail Station,DMP
Dunblane Rail Station,DBL
Dunbar Rail Station,DUN
Duncraig Rail Station,DCG
Dundee Rail Station,DEE
Dunkeld & Birnam Rail Station,DKD
Cam & Dursley Rail Station,CDU
Dove Holes Rail Station,DVH
Dewsbury Rail Station,DEW
Dyce Rail Station,DYC
Dyffryn Ardudwy Rail Station,DYF
Ealing Broadway Rail Station,EAL
Earlswood (Surrey) Rail Station,ELD
Eastbrook Rail Station,EBK
East Boldon Rail Station,EBL
Eastbourne Rail Station,EBN
Ebbsfleet International Rail Station,EBD
Ebbw Vale Parkway Rail Station,EBV
Ebbw Vale Town Rail Station,EBB
Eccles Rail Station,ECC
Eccles Road Rail Station,ECS
Eccleston Park Rail Station,ECL
East Croydon Rail Station,ECR
Edale Rail Station,EDL
Edge Hill Rail Station,EDG
East Didsbury Rail Station,EDY
Edinburgh Rail Station,EDB
Edinburgh Park Rail Station,EDP
Edmonton Green Rail Station,EDR
Edenbridge Rail Station,EBR
Edenbridge Town Rail Station,EBT
Eden Park Rail Station,EDN
East Dulwich Rail Station,EDW
East Farleigh Rail Station,EFL
Effingham Junction Rail Station,EFF
Eggesford Rail Station,EGG
Egham Rail Station,EGH
Eaglescliffe Rail Station,EAG
East Garforth Rail Station,EGF
East Grinstead Rail Station,EGR
Egton Rail Station,EGT
East Kilbride Rail Station,EKL
Eastleigh Rail Station,ESL
Elgin Rail Station,ELG
Elmers End Rail Station,ELE
Elmswell Rail Station,ESW
Elmstead Woods Rail Station,ESD
Elephant & Castle Rail Station,EPH
Elsecar Rail Station,ELR
Elsenham Rail Station,ESM
Ellesmere Port Rail Station,ELP
Eltham Rail Station,ELW
Elton & Orston Rail Station,ELO
Elstree & Borehamwood Rail Station,ELS
Earlswood (West Midlands) Rail Station,EWD
Ely Rail Station,ELY
East Malling Rail Station,EML
East Midlands Parkway Rail Station,EMD
Emerson Park Rail Station,EMP
Emsworth Rail Station,EMS
Enfield Chase Rail Station,ENC
Enfield Lock Rail Station,ENL
Enfield Town Rail Station,ENF
Entwistle Rail Station,ENT
Epsom Downs Rail Station,EPD
Epsom Rail Station,EPS
Erdington Rail Station,ERD
Energlyn & Churchill Park Rail Station,ECP
Eridge Rail Station,ERI
Erith Rail Station,ERH
Earlsfield Rail Station,EAD
Earlestown Rail Station,ERL
Earley Rail Station,EAR
Esher Rail Station,ESH
Easterhouse Rail Station,EST
Eskbank Rail Station,EKB
Essex Road Rail Station,EXR
Mitcham Eastfields Rail Station,MTC
Eastham Rake Rail Station,ERA
Eastrington Rail Station,EGN
Etchingham Rail Station,ETC
East Tilbury Rail Station,ETL
London Euston Rail Station,EUS
Euxton Balshaw Lane Rail Station,EBA
Evesham Rail Station,EVE
Ewell East Rail Station,EWE
Ewell West Rail Station,EWW
East Worthing Rail Station,EWR
Exeter Central Rail Station,EXC
Exeter St Davids Rail Station,EXD
Exeter St Thomas Rail Station,EXT
Exhibition Centre (Glasgow) Rail Station,EXG
Exmouth Rail Station,EXM
Exton Rail Station,EXN
Eynsford Rail Station,EYN
Fairlie Rail Station,FRL
Falconwood Rail Station,FCN
Falkirk Grahamston Rail Station,FKG
Falkirk High Rail Station,FKK
Falmouth Docks Rail Station,FAL
Falmouth Town Rail Station,FMT
North Fambridge Rail Station,NFA
Falmer Rail Station,FMR
Fareham Rail Station,FRM
Farnham Rail Station,FNH
Fauldhouse Rail Station,FLD
Faversham Rail Station,FAV
Faygate Rail Station,FGT
Fazakerley Rail Station,FAZ
Fearn Rail Station,FRN
Feltham Rail Station,FEL
London Fenchurch Street Rail Station,FST
Feniton Rail Station,FNT
Fernhill Rail Station,FER
Ferriby Rail Station,FRY
Ffairfach Rail Station,FFA
Fishguard Harbour Rail Station,FGH
Fishguard & Goodwick Rail Station,FGW
Filey Rail Station,FIL
Filton Abbey Wood Rail Station,FIT
Finstock Rail Station,FIN
Fiskerton Rail Station,FSK
Fitzwilliam Rail Station,FZW
Five Ways Rail Station,FWY
Fleet Rail Station,FLE
Flimby Rail Station,FLM
Flint Rail Station,FLN
Flitwick Rail Station,FLT
Flixton Rail Station,FLI
Folkestone Central Rail Station,FKC
Folkestone West Rail Station,FKW
Falls of Cruachan Rail Station,FOC
Flowery Field Rail Station,FLF
Felixstowe Rail Station,FLX
Finchley Road & Frognal Rail Station,FNY
Finsbury Park Rail Station,FPK
Ford Rail Station,FOD
Forest Hill Rail Station,FOH
Formby Rail Station,FBY
Forres Rail Station,FOR
Forsinard Rail Station,FRS
Four Oaks Rail Station,FOK
Foxfield Rail Station,FOX
Foxton Rail Station,FXN
Frant Rail Station,FRT
Fratton Rail Station,FTN
Fairbourne Rail Station,FRB
Farnborough (Main) Rail Station,FNB
Farnborough North Rail Station,FNN
Frodsham Rail Station,FRD
Freshford Rail Station,FFD
Fairfield Rail Station,FRF
Frimley Rail Station,FML
Frinton-on-Sea Rail Station,FRI
Farncombe Rail Station,FNC
Farringdon (London) Rail Station,ZFD
Farningham Road Rail Station,FNR
Farnworth Rail Station,FNW
Frome Rail Station,FRO
Frosterley Rail Station,FRR
Freshfield Rail Station,FRE
Forest Gate Rail Station,FOG
Fort Matilda Rail Station,FTM
Fort William Rail Station,FTW
Fairwater Rail Station,FRW
Frizinghall Rail Station,FZH
Fishbourne Rail Station,FSB
Fishersgate Rail Station,FSG
Fenny Stratford Rail Station,FEN
Featherstone Rail Station,FEA
Fulwell Rail Station,FLW
Furness Vale Rail Station,FNV
Furze Platt Rail Station,FZP
Ferryside Rail Station,FYS
Galashiels Rail Station,GAL
Smethwick Galton Bridge Rail Station,SGB
Garforth Rail Station,GRF
Garrowhill Rail Station,GAR
Garsdale Rail Station,GSD
Garth (Powys) Rail Station,GTH
Garve Rail Station,GVE
Garswood Rail Station,GSW
Gathurst Rail Station,GST
Gatley Rail Station,GTY
Gainsborough Lea Road Rail Station,GBL
Greenbank Rail Station,GBK
Gainsborough Central Rail Station,GNB
Godalming Rail Station,GOD
Gerrards Cross Rail Station,GER
Greenfield Rail Station,GNF
Greenford Rail Station,GFD
Giggleswick Rail Station,GIG
Guide Bridge Rail Station,GUI
Gidea Park Rail Station,GDP
Giffnock Rail Station,GFN
Gipsy Hill Rail Station,GIP
Girvan Rail Station,GIR
Glaisdale Rail Station,GLS
Glasshoughton Rail Station,GLH
Glazebrook Rail Station,GLZ
Gilberdyke Rail Station,GBD
Goldthorpe Rail Station,GOE
Gilfach Fargoed Rail Station,GFF
Glasgow Central Rail Station,GLC
Glasgow Central Low Level Rail Station,GCL
High Street (Glasgow) Rail Station,HST
Glengarnock Rail Station,GLG
Glasgow Queen Street Rail Station,GLQ
Glasgow Queen Street Low Level Rail Station,GQL
Gillingham (Dorset) Rail Station,GIL
Glan Conwy Rail Station,GCW
Gleneagles Rail Station,GLE
Glenfinnan Rail Station,GLF
Gillingham (Kent) Rail Station,GLM
Glenrothes with Thornton Rail Station,GLT
Gloucester Rail Station,GCR
Glossop Rail Station,GLO
Glynde Rail Station,GLY
Greenhithe for Bluewater Rail Station,GNH
Green Lane Rail Station,GNL
Gunnersbury Rail Station,GUN
Grangetown (Cardiff) Rail Station,GTN
Greenwich Rail Station,GNW
Gobowen Rail Station,GOB
Godley Rail Station,GDL
Goodmayes Rail Station,GMY
Godstone Rail Station,GDN
Golf Street Rail Station,GOF
Golspie Rail Station,GOL
Gomshall Rail Station,GOM
Goole Rail Station,GOO
Goostrey Rail Station,GTR
Goring & Streatley Rail Station,GOR
Gordon Hill Rail Station,GDH
Gorebridge Rail Station,GBG
Goring-by-Sea Rail Station,GBS
Gorton Rail Station,GTO
Gospel Oak Rail Station,GPO
Gourock Rail Station,GRK
Grange-over-Sands Rail Station,GOS
Gowerton Rail Station,GWN
Goxhill Rail Station,GOX
Grateley Rail Station,GRT
Gravelly Hill Rail Station,GVH
Grays Rail Station,GRY
Green Road Rail Station,GNR
Greenock Central Rail Station,GKC
Greenock West Rail Station,GKW
Gretna Green Rail Station,GEA
Georgemas Junction Rail Station,GGJ
Gargrave Rail Station,GGV
Garelochhead Rail Station,GCH
Grimsby Docks Rail Station,GMD
Grimsby Town Rail Station,GMB
Grindleford Rail Station,GRN
Greenfaulds Rail Station,GRL
Grosmont Rail Station,GMT
Grange Park Rail Station,GPK
Garston (Herts) Rail Station,GSN
Gartcosh Rail Station,GRH
Garth (Bridgend) Rail Station,GMG
Grove Park Rail Station,GRP
Gravesend Rail Station,GRV
Garscadden Rail Station,GRS
Great Ayton Rail Station,GTA
Great Bentley Rail Station,GRB
Great Chesterford Rail Station,GRC
Great Coates Rail Station,GCT
Grantham Rail Station,GRA
Great Malvern Rail Station,GMV
Great Missenden Rail Station,GMN
Metrocentre Rail Station,MCE
Gatwick Airport Rail Station,GTW
Guildford Rail Station,GLD
Guiseley Rail Station,GSY
Gunnislake Rail Station,GSL
Gunton Rail Station,GNT
Gwersyllt Rail Station,GWE
Gypsy Lane Rail Station,GYP
Habrough Rail Station,HAB
Hackney Central Rail Station,HKC
Hackney Wick Rail Station,HKW
Hadfield Rail Station,HDF
Haddiscoe Rail Station,HAD
Hadley Wood Rail Station,HDW
Haddenham & Thame Parkway Rail Station,HDM
Hag Fold Rail Station,HGF
Haggerston Rail Station,HGG
Hagley Rail Station,HAG
Harrogate Rail Station,HGT
Hackney Downs Rail Station,HAC
Hale Rail Station,HAL
Halling Rail Station,HAI
Hall Road Rail Station,HLR
Halesworth Rail Station,HAS
Halewood Rail Station,HED
Hammerton Rail Station,HMM
Hamilton Central Rail Station,HNC
Hamilton West Rail Station,HNW
Hampton (London) Rail Station,HMP
Hamstead (Birmingham) Rail Station,HSD
Birkenhead Hamilton Square Rail Station,BKQ
Hampton Wick Rail Station,HMW
Hanborough Rail Station,HND
Hanwell Rail Station,HAN
Hapton Rail Station,HPN
Harlesden Rail Station,HDN
Hairmyres Rail Station,HMY
Harrow-on-the-Hill Rail Station,HOH
Hartford Rail Station,HTF
Harwich Town Rail Station,HWC
Haslemere Rail Station,HSL
Hassocks Rail Station,HSK
Hastings Rail Station,HGS
Hatfield (Herts) Rail Station,HAT
Hathersage Rail Station,HSG
Hattersley Rail Station,HTY
Hatton (Warks) Rail Station,HTN
Havant Rail Station,HAV
Havenhouse Rail Station,HVN
Haverfordwest Rail Station,HVF
Hawarden Rail Station,HWD
Hawarden Bridge Rail Station,HWB
Hayes & Harlington Rail Station,HAY
Hayle Rail Station,HYL
Haymarket Rail Station,HYM
Hayes (Kent) Rail Station,HYS
Hazel Grove Rail Station,HAZ
Hebden Bridge Rail Station,HBD
Hollingbourne Rail Station,HBN
High Brooms Rail Station,HIB
Hubberts Bridge Rail Station,HBB
Hartlebury Rail Station,HBY
Holmes Chapel Rail Station,HCH
Heckington Rail Station,HEC
Hampton Court Rail Station,HMC
Hednesford Rail Station,HNF
Hendon Rail Station,HEN
Huddersfield Rail Station,HUD
Headcorn Rail Station,HCN
Healing Rail Station,HLI
Heath High Level Rail Station,HHL
Heath Low Level Rail Station,HLL
Hedge End Rail Station,HDE
Headingley Rail Station,HDY
Headstone Lane Rail Station,HDL
Hellifield Rail Station,HLD
Helmsdale Rail Station,HMS
Helsby Rail Station,HSB
Hemel Hempstead Rail Station,HML
Hengoed Rail Station,HNG
Henley-in-Arden Rail Station,HNL
Hensall Rail Station,HEL
Hereford Rail Station,HFD
Herne Hill Rail Station,HNH
Hersham Rail Station,HER
Hertford East Rail Station,HFE
Hessle Rail Station,HES
Heswall Rail Station,HSW
Hever Rail Station,HEV
Heworth Rail Station,HEW
Hexham Rail Station,HEX
Heyford Rail Station,HYD
Heysham Port Rail Station,HHB
Hertford North Rail Station,HFN
Hatfield Peverel Rail Station,HAP
Highbridge & Burnham-on-Sea Rail Station,HIG
Highbury & Islington Rail Station,HHY
Highams Park Rail Station,HIP
Heighington Rail Station,HEI
Highbury & Islington Rail Station,HII
Higham Rail Station,HGM
Hillside Rail Station,HIL
Hilsea Rail Station,HLS
Hinckley Rail Station,HNK
Hindley Rail Station,HIN
Hinton Admiral Rail Station,HNA
Hitchin Rail Station,HIT
Hightown Rail Station,HTO
Hall i' th' Wood Rail Station,HID
Hackbridge Rail Station,HCB
Heald Green Rail Station,HDG
Hildenborough Rail Station,HLB
Hillfoot Rail Station,HLF
Halifax Rail Station,HFX
Hall Green Rail Station,HLG
Holmwood Rail Station,HLM
Hillington East Rail Station,HLE
Hillington West Rail Station,HLW
Helensburgh Central Rail Station,HLC
Helensburgh Upper Rail Station,HLU
Haltwhistle Rail Station,HWH
Holyhead Rail Station,HHD
Hamble Rail Station,HME
Hampden Park (Sussex) Rail Station,HMD
Humphrey Park Rail Station,HUP
Hampstead Heath Rail Station,HDH
Hampton-in-Arden Rail Station,HIA
Ham Street Rail Station,HMT
Hamworthy Rail Station,HAM
Hinchley Wood Rail Station,HYW
Handforth Rail Station,HTH
The Hawthorns Rail Station,THW
Harrington Rail Station,HRR
Henley-on-Thames Rail Station,HOT
Huntly Rail Station,HNT
Huntingdon Rail Station,HUN
Hockley Rail Station,HOC
Holton Heath Rail Station,HOL
Holytown Rail Station,HLY
Homerton Rail Station,HMN
Honiton Rail Station,HON
Honley Rail Station,HOY
Honor Oak Park Rail Station,HPA
Honeybourne Rail Station,HYB
Hook Rail Station,HOK
Hooton Rail Station,HOO
Hope (Flintshire) Rail Station,HPE
Hope (Derbyshire) Rail Station,HOP
Hopton Heath Rail Station,HPT
Horley Rail Station,HOR
Horsham Rail Station,HRH
Horwich Parkway Rail Station,HWI
Hoscar Rail Station,HSC
Hough Green Rail Station,HGN
Hounslow Rail Station,HOU
Hove Rail Station,HOV
Howden Rail Station,HOW
Howwood (Renfrewshire) Rail Station,HOZ
How Wood (Herts) Rail Station,HWW
Hoxton Rail Station,HOX
Hoylake Rail Station,HYK
Harringay Rail Station,HGY
Harringay Green Lanes Rail Station,HRY
Harlech Rail Station,HRL
Harold Wood Rail Station,HRO
Harlington (Beds) Rail Station,HLN
Harling Road Rail Station,HRD
Harlow Mill Rail Station,HWM
Harlow Town Rail Station,HWN
Hornbeam Park Rail Station,HBP
Herne Bay Rail Station,HNB
Hornsey Rail Station,HRN
Harrow & Wealdstone Rail Station,HRW
Harpenden Rail Station,HPD
Horsley Rail Station,HSY
Harrietsham Rail Station,HRM
Hurst Green Rail Station,HUR
Hartlepool Rail Station,HPL
Hartwood Rail Station,HTW
Horsforth Rail Station,HRS
Hatch End Rail Station,HTE
Heaton Chapel Rail Station,HTC
Hatfield & Stainforth Rail Station,HFS
Hither Green Rail Station,HGR
Hutton Cranswick Rail Station,HUT
Horton-in-Ribblesdale Rail Station,HIR
Heathrow Airport Terminal 5,HWX
Heathrow Terminals 1-3 Rail Station,LHR
Heathrow Airport Central Bus Stn (Rail-Air),HTR
Heathrow Airport Terminal 4 (Rail-Air),HWF
Heathrow Airport Terminal 4 Rail Station,HAF
Heathrow Airport Terminal 5 Rail Station,HWV
Hucknall Rail Station,HKN
Hull Rail Station,HUL
Huncoat Rail Station,HCT
Hungerford Rail Station,HGD
Hunmanby Rail Station,HUB
Hunts Cross Rail Station,HNX
Huyton Rail Station,HUY
Hawkhead Rail Station,HKH
High Wycombe Rail Station,HWY
Haydon Bridge Rail Station,HDB
Hyde Central Rail Station,HYC
Hyde North Rail Station,HYT
Haydons Road Rail Station,HYR
Hykeham Rail Station,HKM
Hyndland Rail Station,HYN
Haywards Heath Rail Station,HHE
IBM (Greenock) Rail Station,IBM
Ifield Rail Station,IFI
Ilford Rail Station,IFD
Ilkeston Rail Station,ILN
Ilkley Rail Station,ILK
Ince (Manchester) Rail Station,INC
Ince & Elton Rail Station,INE
Ingatestone Rail Station,INT
Insch Rail Station,INS
Inverkip Rail Station,INP
Invergowrie Rail Station,ING
Invershin Rail Station,INH
Inverurie Rail Station,INR
Ipswich Rail Station,IPS
Irlam Rail Station,IRL
Irvine Rail Station,IRV
Isleworth Rail Station,ISL
Islip Rail Station,ISP
Iver Rail Station,IVR
Invergordon Rail Station,IGD
Inverkeithing Rail Station,INK
Inverness Rail Station,INV
Ivybridge Rail Station,IVY
James Cook University Hospital Rail Station,JCH
Liverpool James Street Rail Station,LVJ
Johnston (Pembrokeshire) Rail Station,JOH
Johnstone Rail Station,JHN
Jordanhill Rail Station,JOR
Kirkcaldy Rail Station,KDY
Kidderminster Rail Station,KID
Kearsley Rail Station,KSL
Keighley Rail Station,KEI
Keith Rail Station,KEH
Kelvedon Rail Station,KEL
Kemble Rail Station,KEM
Kemsing Rail Station,KMS
Kendal Rail Station,KEN
Kennishead Rail Station,KNS
Kennett Rail Station,KNE
Kensington (Olympia) Rail Station,KPA
Kensal Rise Rail Station,KNR
Kensal Green Rail Station,KNL
Kent House Rail Station,KTH
Kettering Rail Station,KET
Kew Bridge Rail Station,KWB
Kew Gardens Rail Station,KWG
Keyham Rail Station,KEY
Keynsham Rail Station,KYN
Kinghorn Rail Station,KGH
Kings Park Rail Station,KGP
Kingston Rail Station,KNG
Kingussie Rail Station,KIN
Kingswood Rail Station,KND
Kidbrooke Rail Station,KDB
Kidsgrove Rail Station,KDG
Kidwelly Rail Station,KWL
Kildonan Rail Station,KIL
Kilgetty Rail Station,KGT
Kilmarnock Rail Station,KMK
Kilwinning Rail Station,KWN
Kinbrace Rail Station,KBC
Kingham Rail Station,KGM
Kings Sutton Rail Station,KGS
Kirby Cross Rail Station,KBX
Kirkham & Wesham Rail Station,KKM
Kirkby Rail Station,KIR
Kirk Sandall Rail Station,KKS
Kilburn High Road Rail Station,KBN
Kildale Rail Station,KLD
Kings Langley Rail Station,KGL
Kilmaurs Rail Station,KLM
Kilpatrick Rail Station,KPT
Kings Lynn Rail Station,KLN
Kempston Hardwick Rail Station,KMH
Kempton Park Rail Station,KMP
Kemsley Rail Station,KML
Knockholt Rail Station,KCK
Knebworth Rail Station,KBW
Kingsknowe Rail Station,KGE
London Kings Cross Rail Station,KGX
Knighton Rail Station,KNI
Kenley Rail Station,KLY
Kings Norton Rail Station,KNN
Knaresborough Rail Station,KNA
Kintbury Rail Station,KIT
Knottingley Rail Station,KNO
Kentish Town Rail Station,KTN
Kentish Town West Rail Station,KTW
Knucklas Rail Station,KNU
Knutsford Rail Station,KNF
Kings Nympton Rail Station,KGN
Kirkby-in-Furness Rail Station,KBF
Kirkconnel Rail Station,KRK
Kirkdale Rail Station,KKD
Kirkhill Rail Station,KKH
Kirknewton Rail Station,KKN
Kirkstall Forge Rail Station,KLF
Kirkwood Rail Station,KWD
Kirkby in Ashfield Rail Station,KKB
Kirton Lindsey Rail Station,KTL
Kearsney Rail Station,KSN
Kirkby Stephen Rail Station,KSW
Kents Bank Rail Station,KBK
Kenton Rail Station,KNT
Kiveton Bridge Rail Station,KIV
Kiveton Park Rail Station,KVP
Kyle of Lochalsh Rail Station,KYL
Ladybank Rail Station,LDY
Laindon Rail Station,LAI
Lairg Rail Station,LRG
Lake (Isle of Wight) Rail Station,LKE
Lakenheath Rail Station,LAK
Gilshochill Rail Station,GSC
Lamphey Rail Station,LAM
Lanark Rail Station,LNK
Lancaster Rail Station,LAN
Llandudno Junction Rail Station,LLJ
Llanfairfechan Rail Station,LLF
Langley (Berks) Rail Station,LNY
Lapford Rail Station,LAP
Lapworth Rail Station,LPW
Larbert Rail Station,LBT
Largs Rail Station,LAR
Larkhall Rail Station,LRH
Lawrence Hill Rail Station,LWH
Layton (Lancs) Rail Station,LAY
Lazonby & Kirkoswald Rail Station,LZB
Llanbedr Rail Station,LBR
Loughborough Junction Rail Station,LGJ
Loch Eil Outward Bound Rail Station,LHE
Lochailort Rail Station,LCL
Lichfield City Rail Station,LIC
Locheilside Rail Station,LCS
Lochgelly Rail Station,LCG
Lochluichart Rail Station,LCC
Lichfield Trent Valley High Level Rail Station,LIF
Lichfield Trent Valley Rail Station,LTV
Lochwinnoch Rail Station,LHW
Lockerbie Rail Station,LOC
Ledbury Rail Station,LED
Lidlington Rail Station,LID
Ladywell Rail Station,LAD
Lea Bridge Rail Station,LEB
Leagrave Rail Station,LEA
Lea Hall Rail Station,LEH
Lealholm Rail Station,LHM
Leasowe Rail Station,LSW
Leeds Rail Station,LDS
Lee Rail Station,LEE
Lea Green Rail Station,LEG
Leigh (Kent) Rail Station,LIH
Lelant Rail Station,LEL
Lelant Saltings Rail Station,LTS
Lenham Rail Station,LEN
Lenzie Rail Station,LNZ
Leominster Rail Station,LEO
Leicester Rail Station,LEI
Leatherhead Rail Station,LHD
Leuchars Rail Station,LEU
Lewes Rail Station,LWS
Lewisham Rail Station,LEW
Leyland Rail Station,LEY
Leyton Midland Road Rail Station,LEM
Llanfairpwll Rail Station,LPG
Langbank Rail Station,LGB
Longfield Rail Station,LGF
Langho Rail Station,LHO
Langley Mill Rail Station,LGM
Langley Green Rail Station,LGG
Langwith - Whaley Thorns Rail Station,LAG
Lingwood Rail Station,LGD
Leigh-on-Sea Rail Station,LES
Littlehaven Rail Station,LVN
Limehouse Rail Station,LHS
Lincoln Central Rail Station,LCN
Lingfield Rail Station,LFD
Liphook Rail Station,LIP
Liskeard Rail Station,LSK
Liss Rail Station,LIS
Littleborough Rail Station,LTL
London Liverpool Street Rail Station,LST
Lockwood Rail Station,LCK
Llandaf Rail Station,LLN
Llanbradach Rail Station,LNB
Llanbister Road Rail Station,LLT
Llandeilo Rail Station,LLL
Llandrindod Rail Station,LLO
Llandovery Rail Station,LLV
Llandybie Rail Station,LLI
Llangadog Rail Station,LLG
Llangammarch Rail Station,LLM
Llangennech Rail Station,LLH
Llangynllo Rail Station,LGO
Llanharan Rail Station,LLR
Llanhilleth Rail Station,LTH
Llanishen Rail Station,LLS
Llanelli Rail Station,LLE
Llansamlet Rail Station,LAS
Llantwit Major Rail Station,LWM
Llanwrda Rail Station,LNR
Llanwrtyd Rail Station,LNW
Llwynypia Rail Station,LLY
Leamington Spa Rail Station,LMS
Lymington Pier Rail Station,LYP
Lymington Town Rail Station,LYT
Llanaber Rail Station,LLA
Lancing Rail Station,LAC
Llandecwyn Rail Station,LLC
London Bridge Rail Station,LBG
Llandanwg Rail Station,LDN
Landywood Rail Station,LAW
Long Buckby Rail Station,LBK
Longcross Rail Station,LNG
Long Eaton Rail Station,LGE
Longniddry Rail Station,LND
Longport Rail Station,LPT
Linlithgow Rail Station,LIN
Llanrwst Rail Station,LWR
Langside Rail Station,LGS
Longton Rail Station,LGN
Loch Awe Rail Station,LHA
Loughborough (Leics) Rail Station,LBO
Longbridge Rail Station,LOB
London Fields Rail Station,LOF
Longbeck Rail Station,LGK
Looe Rail Station,LOO
Lostock Rail Station,LOT
Lowdham Rail Station,LOW
Low Moor Rail Station,LMR
Lowestoft Rail Station,LWT
Long Preston Rail Station,LPR
London Road (Guildford) Rail Station,LRD
Laurencekirk Rail Station,LAU
Lostock Gralam Rail Station,LTG
Lostock Hall Rail Station,LOH
Lostwithiel Rail Station,LOS
Lower Sydenham Rail Station,LSY
Letchworth Rail Station,LET
Lisvane & Thornhill Rail Station,LVT
Littlehampton Rail Station,LIT
Little Kimble Rail Station,LTK
Littleport Rail Station,LTP
Little Sutton Rail Station,LTT
Leighton Buzzard Rail Station,LBZ
Ludlow Rail Station,LUD
Llandudno Rail Station,LLD
Luton Airport Parkway Rail Station,LTN
Luton Rail Station,LUT
Luxulyan Rail Station,LUX
Levenshulme Rail Station,LVM
Livingston North Rail Station,LSN
Livingston South Rail Station,LVG
Liverpool Central Rail Station,LVC
Liverpool Lime Street Rail Station,LIV
Liverpool Lime Street Low Level Rail Station,LVL
Liverpool South Parkway Rail Station,LPY
Langwathby Rail Station,LGW
Lydney Rail Station,LYD
Lye (West Midlands) Rail Station,LYE
Lympstone Commando Rail Station,LYC
Lympstone Village Rail Station,LYM
Ashurst New Forest Rail Station,ANF
Llwyngwril Rail Station,LLW
Lytham Rail Station,LTM
Leytonstone High Road Rail Station,LER
Macclesfield Rail Station,MAC
Maesteg (Ewenny Road) Rail Station,MEW
Maesteg Rail Station,MST
Maghull Rail Station,MAG
Malden Manor Rail Station,MAL
Malton Rail Station,MLT
Manea Rail Station,MNE
Manningtree Rail Station,MNG
Manors Rail Station,MAS
Manor Park Rail Station,MNP
Marden Rail Station,MRN
Margate Rail Station,MAR
Marlow Rail Station,MLW
Marple Rail Station,MPL
Marton Rail Station,MTO
London Marylebone Rail Station,MYB
Mountain Ash Rail Station,MTA
Matlock Bath Rail Station,MTB
Matlock Rail Station,MAT
Maxwell Park Rail Station,MAX
Maybole Rail Station,MAY
Maze Hill Rail Station,MZH
Millbrook (Hants) Rail Station,MBK
Micheldever Rail Station,MIC
Machynlleth Rail Station,MCN
Micklefield Rail Station,MIK
Middlesbrough Rail Station,MBR
Maidenhead Rail Station,MAI
Maiden Newton Rail Station,MDN
Middlewood Rail Station,MDL
Meadowhall Rail Station,MHS
Meldreth Rail Station,MEL
Melksham Rail Station,MKM
Meols Rail Station,MEO
Melton (Suffolk) Rail Station,MES
Menheniot Rail Station,MEN
Menston Rail Station,MNN
Meols Cop Rail Station,MEC
Meopham Rail Station,MEP
Merstham Rail Station,MHM
Merthyr Vale Rail Station,MEV
Merthyr Tydfil Rail Station,MER
Mexborough Rail Station,MEX
Morfa Mawddach Rail Station,MFA
Mansfield Rail Station,MFT
Mansfield Woodhouse Rail Station,MSW
Martins Heron Rail Station,MAO
Midgham Rail Station,MDG
Milliken Park Rail Station,MIN
Minffordd Ffestiniog Railway Station,MFD
Minffordd Rail Station,MFF
Moreton-in-Marsh Rail Station,MIM
Minster Rail Station,MSR
Mirfield Rail Station,MIR
Mistley Rail Station,MIS
Mitcham Junction Rail Station,MIJ
Markinch Rail Station,MNC
Milton Keynes Central Rail Station,MKC
Market Rasen Rail Station,MKR
Mallaig Rail Station,MLG
Millbrook (Beds) Rail Station,MLB
Mouldsworth Rail Station,MLD
Mauldeth Road Rail Station,MAU
Milford Haven Rail Station,MFH
Milford (Surrey) Rail Station,MLF
Milngavie Rail Station,MLN
Mill Hill Broadway Rail Station,MIL
Mill Hill (Lancs) Rail Station,MLH
Millom Rail Station,MLM
Moulsecoomb Rail Station,MCB
Mills Hill (Manchester) Rail Station,MIH
Melton Mowbray Rail Station,MMO
Malvern Link Rail Station,MVL
Martin Mill Rail Station,MTM
Deansgate Rail Station,DGT
Manchester Airport Rail Station,MIA
Manchester Oxford Road Rail Station,MCO
Manchester Piccadilly Rail Station,MAN
Manchester United FC Rail Station,MUF
Manchester Victoria Rail Station,MCV
Monks Risborough Rail Station,MRS
Manorbier Rail Station,MRB
Manor Road Rail Station,MNR
Mount Vernon Rail Station,MTV
Mobberley Rail Station,MOB
Morchard Road Rail Station,MRD
Monifieth Rail Station,MON
Montpelier Rail Station,MTP
Montrose Rail Station,MTS
Morar Rail Station,MRR
Morecambe Rail Station,MCM
Morden South Rail Station,MDS
Moreton (Dorset) Rail Station,MTN
Moorfields Rail Station,MRF
Moorthorpe Rail Station,MRP
Mossley (Manchester) Rail Station,MSL
Mottisfont & Dunbridge Rail Station,DBG
Motherwell Rail Station,MTH
Mottingham Rail Station,MTG
Moreton (Merseyside) Rail Station,MRT
Motspur Park Rail Station,MOT
Maryport Rail Station,MRY
March Rail Station,MCH
Moorgate Rail Station,MOG
Marks Tey Rail Station,MKT
Market Harborough Rail Station,MHR
Morley Rail Station,MLY
Morpeth Rail Station,MPT
Merryton Rail Station,MEY
Moorside Rail Station,MSD
Marske Rail Station,MSK
Marsden Rail Station,MSN
Marston Green Rail Station,MGN
Mortlake Rail Station,MTL
Maryhill Rail Station,MYH
Maryland Rail Station,MYL
Musselburgh Rail Station,MUB
Moses Gate Rail Station,MSS
Mossley Hill Rail Station,MSH
Moss Side Rail Station,MOS
Mosspark Rail Station,MPK
Moston Rail Station,MSO
Maidstone Barracks Rail Station,MDB
Maidstone East Rail Station,MDE
Maidstone West Rail Station,MDW
Mount Florida Rail Station,MFL
Metheringham Rail Station,MGM
Mortimer Rail Station,MOR
Muirend Rail Station,MUI
Muir of Ord Rail Station,MOO
Mytholmroyd Rail Station,MYT
Newton Abbot Rail Station,NTA
Nafferton Rail Station,NFN
Nailsea & Backwell Rail Station,NLS
Nairn Rail Station,NRN
Nantwich Rail Station,NAN
Narborough Rail Station,NBR
Navigation Road Rail Station,NVR
New Barnet Rail Station,NBA
New Beckenham Rail Station,NBC
North Berwick Rail Station,NBW
Newbridge Rail Station,NBE
New Brighton Rail Station,NBN
Newcraighall Rail Station,NEW
North Dulwich Rail Station,NDL
Neath Rail Station,NTH
Needham Market Rail Station,NMT
Neilston Rail Station,NEI
Neston Rail Station,NES
Nethertown Rail Station,NRT
Netley Rail Station,NTL
Newark North Gate Rail Station,NNG
Newbury Racecourse Rail Station,NRC
Newbury Rail Station,NBY
New Clee Rail Station,NCE
Newhaven Harbour Rail Station,NVH
Newhaven Town Rail Station,NVN
New Lane Rail Station,NLN
New Malden Rail Station,NEM
Newington Rail Station,NGT
Newport (Essex) Rail Station,NWE
Newquay Rail Station,NQY
New Southgate Rail Station,NSG
New Cross Gate ELL Rail Station,NXG
New Holland Rail Station,NHL
Ninian Park Rail Station,NNP
Nitshill Rail Station,NIT
North Llanrwst Rail Station,NLR
Northallerton Rail Station,NTR
Nelson Rail Station,NEL
Northumberland Park Rail Station,NUM
New Milton Rail Station,NWM
Northampton Rail Station,NMP
Nuneaton Rail Station,NUN
Norbury Rail Station,NRB
Normanton Rail Station,NOR
Norwood Junction Rail Station,NWD
New Pudsey Rail Station,NPD
North Queensferry Rail Station,NQU
Narberth Rail Station,NAR
Norbiton Rail Station,NBT
Norwich Rail Station,NRW
Normans Bay Rail Station,NSB
Northfield Rail Station,NFD
Northfleet Rail Station,NFL
North Sheen Rail Station,NSH
Newton St Cyres Rail Station,NTC
North Camp Rail Station,NCM
Northolt Park Rail Station,NLT
Netherfield Rail Station,NET
Northwich Rail Station,NWI
Norton Bridge Rail Station,NTB
Nottingham Rail Station,NOT
North Road Rail Station,NRD
Nunhead Rail Station,NHD
Nunthorpe Rail Station,NNT
Nutbourne Rail Station,NUT
Nutfield Rail Station,NUF
North Walsham Rail Station,NWA
New Cumnock Rail Station,NCK
Newcourt Rail Station,NCO
New Cross ELL Rail Station,NWX
Newcastle Rail Station,NCL
New Eltham Rail Station,NEH
North Wembley Rail Station,NWB
New Hythe Rail Station,NHE
New Mills Central Rail Station,NMC
New Mills Newtown Rail Station,NMN
Newmarket Rail Station,NMK
Newport (S Wales) Rail Station,NWP
Newark Castle Rail Station,NCT
Newstead Rail Station,NSD
Newton Aycliffe Rail Station,NAY
Newtongrange Rail Station,NEG
Newton for Hyde Rail Station,NWN
Newton (S Lanarks) Rail Station,NTN
Newtonmore Rail Station,NWR
Newton-le-Willows Rail Station,NLW
Newton-on-Ayr Rail Station,NOA
Newtown (Powys) Rail Station,NWT
Oakham Rail Station,OKM
Oakengates Rail Station,OKN
Oban Rail Station,OBN
Ockendon Rail Station,OCK
Ockley Rail Station,OLY
Okehampton Rail Station,OKE
Oakleigh Park Rail Station,OKL
Oldfield Park Rail Station,OLF
Old Roan Rail Station,ORN
Old Street Rail Station,OLD
Old Hill Rail Station,OHL
Olton Rail Station,OLT
Overpool Rail Station,OVE
Ore Rail Station,ORE
Orrell Park Rail Station,OPK
Ormskirk Rail Station,OMS
Orpington Rail Station,ORP
Orrell Rail Station,ORR
Otford Rail Station,OTF
Oulton Broad North Rail Station,OUN
Oulton Broad South Rail Station,OUS
Outwood Rail Station,OUT
Overton Rail Station,OVR
Oxenholme Lake District Rail Station,OXN
Oxford Rail Station,OXF
Oxford Parkway Rail Station,OPY
Oxshott Rail Station,OXS
Oxted Rail Station,OXT
Padgate Rail Station,PDG
London Paddington Rail Station,PAD
Paignton Rail Station,PGN
Palmers Green Rail Station,PAL
Pangbourne Rail Station,PAN
Pannal Rail Station,PNL
Parbold Rail Station,PBL
Par Rail Station,PAR
Parson Street Rail Station,PSN
Parton Rail Station,PRN
Patchway Rail Station,PWY
Patterton Rail Station,PTT
Peterborough Rail Station,PBO
Pemberton Rail Station,PEM
Portchester Rail Station,PTC
Queens Road Peckham Rail Station,QRP
Peartree Rail Station,PEA
Pegswood Rail Station,PEG
Pembroke Dock Rail Station,PMD
Pembroke Rail Station,PMB
Penarth Rail Station,PEN
Pencoed Rail Station,PCD
Penge West Rail Station,PNW
Pengam Rail Station,PGM
Penhelig Rail Station,PHG
Penistone Rail Station,PNS
Penmere Rail Station,PNM
Penychain Rail Station,BPC
Penzance Rail Station,PNZ
Perranwell Rail Station,PRW
Pershore Rail Station,PSH
Perth Rail Station,PTH
Petts Wood Rail Station,PET
Pewsey Rail Station,PEW
Portsmouth Harbour Rail Station,PMH
Priesthill & Darnley Rail Station,PTL
Pilning Rail Station,PIL
Pinhoe Rail Station,PIN
Pitsea Rail Station,PSE
Peckham Rye Rail Station,PMR
Park Street Rail Station,PKT
Paddock Wood Rail Station,PDW
Pollokshields East Rail Station,PLE
Pollokshields West Rail Station,PLW
Pollokshaws East Rail Station,PWE
Pollokshaws West Rail Station,PWW
Plumpton Rail Station,PMP
Plumstead Rail Station,PLU
Plockton Rail Station,PLK
Pleasington Rail Station,PLS
Portlethen Rail Station,PLN
Poulton-le-Fylde Rail Station,PFY
Pluckley Rail Station,PLC
Plumley Rail Station,PLM
Plymouth Rail Station,PLY
Pembrey & Burry Port Rail Station,PBY
Penally Rail Station,PNA
Ponders End Rail Station,PON
Penge East Rail Station,PNE
Penkridge Rail Station,PKG
Penmaenmawr Rail Station,PMW
Penrhiwceiber Rail Station,PER
Penshurst Rail Station,PHR
Pontarddulais Rail Station,PTD
Penrith North Lakes Rail Station,PNR
Pontlottyn Rail Station,PLT
Pentre-Bach Rail Station,PTB
Pantyffynnon Rail Station,PTF
Penyffordd Rail Station,PNF
Pont-y-Pant Rail Station,PYP
Pokesdown Rail Station,POK
Polegate Rail Station,PLG
Polmont Rail Station,PMT
Polsloe Bridge Rail Station,POL
Pontypool & New Inn Rail Station,PPL
Pontyclun Rail Station,PYC
Poole Rail Station,POO
Poppleton Rail Station,POP
Porth Rail Station,POR
Possilpark & Parkhouse Rail Station,PPK
Potters Bar Rail Station,PBR
Poynton Rail Station,PYT
Prestonpans Rail Station,PST
Prees Rail Station,PRS
Prescot Rail Station,PSC
Penrhyndeudraeth Rail Station,PRH
Princes Risborough Rail Station,PRR
Prittlewell Rail Station,PRL
Harwich International Rail Station,HPQ
Preston Park Rail Station,PRP
Preston Rail Station,PRE
Porthmadog Harbour Ffestiniog Railway Station,PMG
Porthmadog Rail Station,PTM
Portsmouth Arms Rail Station,PMA
Prudhoe Rail Station,PRU
Perry Barr Rail Station,PRY
Penryn Rail Station,PYN
Prestbury Rail Station,PRB
Portsmouth & Southsea Rail Station,PMS
Portslade Rail Station,PLD
Port Sunlight Rail Station,PSL
Paisley Canal Rail Station,PCN
Paisley Gilmour Street Rail Station,PYG
Paisley St James Rail Station,PYJ
Pensarn (Gwynedd) Rail Station,PES
Prestatyn Rail Station,PRT
Parkstone (Dorset) Rail Station,PKS
Port Talbot Parkway Rail Station,PTA
Partick Rail Station,PTK
Pontefract Baghill Rail Station,PFR
Pontefract Monkhill Rail Station,PFM
Pontefract Tanshelf Rail Station,POT
Port Glasgow Rail Station,PTG
Pitlochry Rail Station,PIT
Patricroft Rail Station,PAT
Petersfield Rail Station,PTR
Pontypridd Rail Station,PPD
Pulborough Rail Station,PUL
Purfleet Rail Station,PFL
Purley Rail Station,PUR
Purley Oaks Rail Station,PUO
Putney Rail Station,PUT
Pevensey & Westham Rail Station,PEV
Pevensey Bay Rail Station,PEB
Prestwick Rail Station,PTW
Prestwick Intl Airport Rail Station,PRA
Pwllheli Rail Station,PWL
Polesworth Rail Station,PSW
Pen-y-Bont Rail Station,PNY
Pyle Rail Station,PYL
Quintrell Downs Rail Station,QUI
Queens Park (London) Rail Station,QPW
Queenstown Road (Battersea) Rail Station,QRB
Quakers Yard Rail Station,QYD
Queenborough Rail Station,QBR
Queens Park (Glasgow) Rail Station,QPK
Radlett Rail Station,RDT
Radcliffe (Notts) Rail Station,RDF
Radyr Rail Station,RDR
Rainham (Kent) Rail Station,RAI
Ramsgate Rail Station,RAM
Rannoch Rail Station,RAN
Rauceby Rail Station,RAU
Rawcliffe Rail Station,RWC
Rayleigh Rail Station,RLG
Raynes Park Rail Station,RAY
Ravensbourne Rail Station,RVB
Robertsbridge Rail Station,RBR
Rochdale Rail Station,RCD
Roche Rail Station,ROC
Rochester Rail Station,RTR
Rickmansworth Rail Station,RIC
Rectory Road Rail Station,REC
Reedham (Norfolk) Rail Station,REE
Redditch Rail Station,RDC
Radley Rail Station,RAD
Riddlesdown Rail Station,RDD
Reading Rail Station,RDG
Reading Rail Station,RBU
Redbridge (Hants) Rail Station,RDB
Redcar Central Rail Station,RCC
Redcar East Rail Station,RCE
British Steel Redcar Rail Station,RBS
Reading West Rail Station,RDW
Redhill Rail Station,RDH
Reddish North Rail Station,RDN
Reddish South Rail Station,RDS
Redland Rail Station,RDA
Redruth Rail Station,RED
Reedham (Surrey) Rail Station,RHM
Reigate Rail Station,REI
Renton Rail Station,RTN
Roughton Road Rail Station,RNR
Ravenglass Rail Station,RAV
Rainhill Rail Station,RNH
Rhiwbina Rail Station,RHI
Rhoose Rail Station,RIA
Rhosneigr Rail Station,RHO
Rhyl Rail Station,RHL
Rhymney Rail Station,RHY
Ribblehead Rail Station,RHD
Rice Lane Rail Station,RIL
Richmond (London) Rail Station,RMD
Ridgmont Rail Station,RID
Riding Mill Rail Station,RDM
Risca & Pontymister Rail Station,RCA
Rishton Rail Station,RIS
Ramsgreave & Wilpshire Rail Station,RGW
Rainford Rail Station,RNF
Rainham (London) Rail Station,RNM
Roby Rail Station,ROB
Rochford Rail Station,RFD
Rock Ferry Rail Station,RFY
Rogart Rail Station,ROG
Rogerstone Rail Station,ROR
Rose Hill Marple Rail Station,RSH
Rolleston Rail Station,ROL
Roman Bridge Rail Station,RMB
Romford Rail Station,RMF
Romiley Rail Station,RML
Romsey Rail Station,ROM
Roose Rail Station,ROO
Rose Grove Rail Station,RSG
Rosyth Rail Station,ROS
Rotherham Central Rail Station,RMC
Rowley Regis Rail Station,ROW
Roy Bridge Rail Station,RYB
Roydon Rail Station,RYN
Royston Rail Station,RYS
Ruskington Rail Station,RKT
Retford Rail Station,RET
Retford Low Level Rail Station,REL
Rotherhithe Rail Station,ROE
Rutherglen Rail Station,RUT
Ravensthorpe Rail Station,RVN
Ruabon Rail Station,RUA
Rufford Rail Station,RUF
Rugby Rail Station,RUG
Rugeley Trent Valley Rail Station,RGL
Rugeley Town Rail Station,RGT
Runcorn Rail Station,RUN
Runcorn East Rail Station,RUE
Ruswarp Rail Station,RUS
Rowlands Castle Rail Station,RLN
Ryde Esplanade Rail Station,RYD
Ryde Pier Head Rail Station,RYP
Ryder Brow Rail Station,RRB
Ryde St Johns Road Rail Station,RYR
Rye Rail Station,RYE
Rye House Rail Station,RYH
Sandal & Agbrigg Rail Station,SNA
South Acton Rail Station,SAT
St Andrews Road Rail Station,SAR
Saltaire Rail Station,SAE
Salfords (Surrey) Rail Station,SAF
Salhouse Rail Station,SAH
Salwick Rail Station,SLW
Sampford Courtenay Rail Station,SMC
Sandhills Rail Station,SDL
Sankey for Penketh Rail Station,SNK
Sanquhar Rail Station,SQH
Sarn Rail Station,SRR
Saltash Rail Station,STS
Saxilby Rail Station,SXY
Sandbach Rail Station,SDB
Sawbridgeworth Rail Station,SAW
Southbourne Rail Station,SOB
South Bermondsey Rail Station,SBM
Saltburn Rail Station,SLB
Stallingborough Rail Station,SLL
Southbury Rail Station,SBU
Stalybridge Rail Station,SYB
Scarborough Rail Station,SCA
Scunthorpe Rail Station,SCU
South Croydon Rail Station,SCY
Scotscalder Rail Station,SCT
Scotstounhill Rail Station,SCH
Silverdale Rail Station,SVR
Sudbury Hill Harrow Rail Station,SDH
Sudbury & Harrow Road Rail Station,SUD
Sandling Rail Station,SDG
Swindon Rail Station,SWI
Sandplace Rail Station,SDP
Saundersfoot Rail Station,SDF
Sanderstead Rail Station,SNR
Seaburn Rail Station,SEB
Seaford Rail Station,SEF
Seaham Rail Station,SEA
Seamer Rail Station,SEM
Seascale Rail Station,SSC
Seer Green Rail Station,SRG
Sellafield Rail Station,SEL
Selby Rail Station,SBY
Selhurst Rail Station,SRS
Selling Rail Station,SEG
South Elmsall Rail Station,SES
Selly Oak Rail Station,SLY
Sea Mills Rail Station,SML
Southease Rail Station,SEE
Seaton Carew Rail Station,SEC
Settle Rail Station,SET
Seven Sisters Rail Station,SVS
Severn Tunnel Junction Rail Station,STJ
Seaforth & Litherland Rail Station,SFL
South Greenford Rail Station,SGN
Sugar Loaf Rail Station,SUG
Shadwell Rail Station,SDE
Shalford (Surrey) Rail Station,SFR
Shirehampton Rail Station,SHH
Shanklin Rail Station,SHN
Shawford Rail Station,SHW
Sherburn-in-Elmet Rail Station,SIE
Shoeburyness Rail Station,SRY
Shildon Rail Station,SHD
Sheffield Rail Station,SHF
Shelford (Cambs) Rail Station,SED
Shenfield Rail Station,SNF
Shepperton Rail Station,SHP
Sherborne Rail Station,SHE
Shifnal Rail Station,SFN
Shieldmuir Rail Station,SDM
Shirley Rail Station,SRL
St Helier (London) Rail Station,SIH
South Hampstead Rail Station,SOH
Shenstone Rail Station,SEN
Sholing Rail Station,SHO
Shotton High Level Rail Station,SHT
Shepherds Bush Rail Station,SPB
Stanhope Rail Station,SNP
Shiplake Rail Station,SHI
Shepreth Rail Station,STH
Shipley Rail Station,SHY
Shirebrook Rail Station,SHB
Shoreditch High Street Rail Station,SDC
Sheringham Rail Station,SHM
Shoreham-by-Sea (Sussex) Rail Station,SSE
Shireoaks Rail Station,SRO
Shoreham (Kent) Rail Station,SEH
Sheerness-on-Sea Rail Station,SSS
Shortlands Rail Station,SRT
Shrewsbury Rail Station,SHR
Shettleston Rail Station,SLS
Shotts Rail Station,SHS
Stonehaven Rail Station,STN
Shawfair Rail Station,SFI
Shawlands Rail Station,SHL
Sidcup Rail Station,SID
Silecroft Rail Station,SIC
Sileby Rail Station,SIL
Singer Rail Station,SIN
Silver Street Rail Station,SLV
Skegness Rail Station,SKG
South Kenton Rail Station,SOK
Skewen Rail Station,SKE
Skipton Rail Station,SKI
Silkstone Common Rail Station,SLK
Slade Green Rail Station,SGR
Slateford Rail Station,SLA
Saltcoats Rail Station,SLT
Sleaford Rail Station,SLR
Sleights Rail Station,SLH
Stanford-le-Hope Rail Station,SFO
Salford Crescent Rail Station,SLD
Salford Central Rail Station,SFD
Slough Rail Station,SLO
Salisbury Rail Station,SAL
Slaithwaite Rail Station,SWT
Saltmarshe Rail Station,SAM
Smallbrook Junction Rail Station,SAB
St Margarets (Herts) Rail Station,SMT
Smithy Bridge Rail Station,SMB
South Merton Rail Station,SMO
South Milford Rail Station,SOM
Southminster Rail Station,SMN
Small Heath Rail Station,SMA
Somerleyton Rail Station,SYT
Smethwick Rolfe Street Rail Station,SMR
Snaith Rail Station,SNI
Sandhurst Rail Station,SND
Sandown Rail Station,SAN
Sundridge Park Rail Station,SUP
Sunderland Rail Station,SUN
St Peters Rail Station,STZ
Sandwell & Dudley Rail Station,SAD
Sandy Rail Station,SDY
Stonegate Rail Station,SOG
Snodland Rail Station,SDA
Snowdown Rail Station,SWO
Stratford-upon-Avon Rail Station,SAV
Stratford-upon-Avon Parkway Rail Station,STY
Sole Street Rail Station,SOR
Solihull Rail Station,SOL
Southampton Town Quay,STQ
Southampton Central Rail Station,SOU
Southampton Airport Parkway Rail Station,SOA
Southport Rail Station,SOP
Spalding Rail Station,SPA
Spondon Rail Station,SPO
Spean Bridge Rail Station,SBR
Springfield Rail Station,SPF
Shippea Hill Rail Station,SPP
Staplehurst Rail Station,SPU
Spital Rail Station,SPI
Shepley Rail Station,SPY
Spooner Row Rail Station,SPN
Spring Road Rail Station,SRI
Springburn Rail Station,SPR
Shipton Rail Station,SIP
Squires Gate Rail Station,SQU
South Ruislip Rail Station,SRU
Southsea Hoverport,SHV
Stafford Rail Station,STA
Staines Rail Station,SNS
St Albans Rail Station,SAC
St Albans Abbey Rail Station,SAA
Stamford Rail Station,SMD
Stansted Airport Rail Station,SSD
Stansted Mountfitchet Rail Station,SST
Starbeck Rail Station,SBE
St Annes-on-the-Sea Rail Station,SAS
St Austell Rail Station,SAU
Staveley Rail Station,SVL
St Budeaux Ferry Road Rail Station,SBF
St Budeaux Victoria Road Rail Station,SBV
St Bees Rail Station,SBS
Stocksfield Rail Station,SKS
St Columb Road Rail Station,SCR
Strathcarron Rail Station,STC
Stone Crossing Rail Station,SCG
St Denys Rail Station,SDN
Stechford Rail Station,SCF
Steeton & Silsden Rail Station,SON
Stepps Rail Station,SPS
St Erth Rail Station,SER
Stevenage Rail Station,SVG
Stewarton Rail Station,STT
Stratford (London) Rail Station,SRA
Stratford International Rail Station,SFA
St Germans Rail Station,SGM
Southall Rail Station,STL
South Bank Rail Station,SBK
Southend Central Rail Station,SOC
Southend Airport Rail Station,SIA
South Gyle Rail Station,SGL
St Helens Central Rail Station,SNH
St Helens Junction Rail Station,SHJ
Southend East Rail Station,SOE
Streethouse Rail Station,SHC
Southend Victoria Rail Station,SOV
Southwick Rail Station,SWK
Stirling Rail Station,STG
St Ives (Cornwall) Rail Station,SIV
St James Park (Devon) Rail Station,SJP
St James Street (London) Rail Station,SJS
St Johns (London) Rail Station,SAJ
St Keyne Wishing Well Halt (Rail Station),SKN
Stoke Mandeville Rail Station,SKM
Stoke Newington Rail Station,SKW
Stockport Rail Station,SPT
Stocksmoor Rail Station,SSM
Stoneleigh Rail Station,SNL
St Leonards Warrior Square Rail Station,SLQ
St Michaels Rail Station,STM
Stamford Hill Rail Station,SMH
St Margarets (London) Rail Station,SMG
St Mary Cray Rail Station,SMY
Stonebridge Park Rail Station,SBP
St Neots Rail Station,SNO
Sittingbourne Rail Station,SIT
Stonehouse Rail Station,SHU
Stanlow & Thornton Rail Station,SNT
Stockton Rail Station,STK
Stoke-on-Trent Rail Station,SOT
Stone Rail Station,SNE
South Tottenham Rail Station,STO
Stow Rail Station,SOI
St Pancras International,STP
Stapleton Road Rail Station,SRD
St Pancras International,SPL
Stourbridge Junction Rail Station,SBJ
Stourbridge Town Rail Station,SBT
Starcross Rail Station,SCS
Streatham Rail Station,STE
Streatham Common Rail Station,SRC
Streatham Hill Rail Station,SRH
Strines Rail Station,SRN
Stromeferry Rail Station,STF
Stranraer Rail Station,STR
Strood Rail Station,SOO
Stroud (Glos) Rail Station,STD
Strawberry Hill Rail Station,STW
Sutton Parkway Rail Station,SPK
Sturry Rail Station,STU
Stevenston Rail Station,STV
Stowmarket Rail Station,SMK
Stewartby Rail Station,SWR
Styal Rail Station,SYA
Sudbury (Suffolk) Rail Station,SUY
Summerston Rail Station,SUM
Sunbury Rail Station,SUU
Saunderton Rail Station,SDR
Sunningdale Rail Station,SNG
Sunnymeads Rail Station,SNY
Surbiton Rail Station,SUR
Surrey Quays Rail Station,SQE
Sutton Coldfield Rail Station,SUT
Sutton Rail Station,SUO
Sutton Common Rail Station,SUC
Seven Kings Rail Station,SVK
Sevenoaks Rail Station,SEV
Severn Beach Rail Station,SVB
Swale Rail Station,SWL
Swansea Rail Station,SWA
Sway Rail Station,SWY
Sandwich Rail Station,SDW
Shepherds Well Rail Station,SPH
Swinton (South Yorks) Rail Station,SWN
Swanley Rail Station,SAY
Swinderby Rail Station,SWD
Swanscombe Rail Station,SWM
Swinton (Manchester) Rail Station,SNN
Swanwick Rail Station,SNW
Sowerby Bridge Rail Station,SOW
Swineshead Rail Station,SWE
Swaythling Rail Station,SWG
Saxmundham Rail Station,SAX
Sydenham Rail Station,SYD
Sydenham Hill Rail Station,SYH
Syon Lane Rail Station,SYL
Syston Rail Station,SYS
Thornaby Rail Station,TBY
Tackley Rail Station,TAC
Tadworth Rail Station,TAD
Taffs Well Rail Station,TAF
Tain Rail Station,TAI
Talybont Rail Station,TLB
Tal-y-Cafn Rail Station,TLC
Tame Bridge Parkway Rail Station,TAB
Tan-y-Bwlch Ffestiniog Railway Station,TYB
Taplow Rail Station,TAP
Tattenham Corner Rail Station,TAT
Taunton Rail Station,TAU
Taynuilt Rail Station,TAY
Thorpe Culvert Rail Station,TPC
Thames Ditton Rail Station,THD
Teddington Rail Station,TED
Teignmouth Rail Station,TGM
Telford Central Rail Station,TFC
Tenby Rail Station,TEN
Teynham Rail Station,TEY
Thornton Abbey Rail Station,TNA
Thorntonhall Rail Station,THT
Thatcham Rail Station,THA
Three Bridges Rail Station,TBD
Theobalds Grove Rail Station,TEO
Theale Rail Station,THE
The Lakes Rail Station,TLK
Thetford Rail Station,TTF
Thornford Rail Station,THO
Thatto Heath Rail Station,THH
Thirsk Rail Station,THI
Thornliebank Rail Station,THB
Three Oaks Rail Station,TOK
Thorpe Bay Rail Station,TPB
Thorne North Rail Station,TNN
Thorne South Rail Station,TNS
Thorpe-le-Soken Rail Station,TLS
Thurgarton Rail Station,THU
Thornton Heath Rail Station,TTH
Thurso Rail Station,THS
Thurston Rail Station,TRS
Tile Hill Rail Station,THL
Tilehurst Rail Station,TLH
Tipton Rail Station,TIP
Tir-phil Rail Station,TIR
Tisbury Rail Station,TIS
Tiverton Parkway Rail Station,TVP
Tilbury Town Rail Station,TIL
Talsarnau Rail Station,TAL
Templecombe Rail Station,TMC
Tamworth High Level Rail Station,TAH
Tamworth Rail Station,TAM
Tonypandy Rail Station,TNP
Todmorden Rail Station,TOD
Tolworth Rail Station,TOL
Tonbridge Rail Station,TON
Tondu Rail Station,TDU
Tonfanau Rail Station,TNF
Ton Pentre Rail Station,TPN
Tooting Rail Station,TOO
Topsham Rail Station,TOP
Torquay Rail Station,TQY
Torre Rail Station,TRR
Totnes Rail Station,TOT
Totton Rail Station,TTN
Town Green Rail Station,TWN
Troed-y-Rhiw Rail Station,TRD
Trefforest Rail Station,TRF
Trehafod Rail Station,TRH
Treherbert Rail Station,TRB
Treorchy Rail Station,TRY
Trafford Park Rail Station,TRA
Trefforest Estate Rail Station,TRE
Trimley Rail Station,TRM
Tring Rail Station,TRI
Thurnscoe Rail Station,THC
Troon Rail Station,TRN
Truro Rail Station,TRU
Trowbridge Rail Station,TRO
Tees-side Airport Rail Station,TEA
Tottenham Hale Rail Station,TOM
Tulloch Rail Station,TUL
Tulse Hill Rail Station,TUH
Tunbridge Wells Rail Station,TBW
Turkey Street Rail Station,TUR
Tutbury & Hatton Rail Station,TUT
Twickenham Rail Station,TWI
Tweedbank Rail Station,TWB
Twyford Rail Station,TWY
Ty Croes Rail Station,TYC
Ty Glas Rail Station,TGS
Tygwyn Rail Station,TYG
Tyndrum Lower Rail Station,TYL
Upper Tyndrum Rail Station,UTY
Tyseley Rail Station,TYS
Tywyn Rail Station,TYW
Uckfield Rail Station,UCK
Uddingston Rail Station,UDD
Upper Halliford Rail Station,UPH
Ulceby Rail Station,ULC
Ulleskelf Rail Station,ULL
Ulverston Rail Station,ULV
Umberleigh Rail Station,UMB
University Rail Station,UNI
Uphall Rail Station,UHA
Upholland Rail Station,UPL
Upminster Rail Station,UPM
Upper Holloway Rail Station,UHL
Upton Rail Station,UPT
Upwey Rail Station,UPW
Urmston Rail Station,URM
Uttoxeter Rail Station,UTT
Upper Warlingham Rail Station,UWL
Valley Rail Station,VAL
Vauxhall Rail Station,VXH
London Victoria Rail Station,VIC
Virginia Water Rail Station,VIR
Waddon Rail Station,WDO
Wadhurst Rail Station,WAD
Wainfleet Rail Station,WFL
Wallasey Grove Road Rail Station,WLG
Wallasey Village Rail Station,WLV
West Allerton Rail Station,WSA
Waltham Cross Rail Station,WLC
Walkden Rail Station,WKD
Wallyford Rail Station,WAF
Walmer Rail Station,WAM
Wallington Rail Station,WLT
Walsall Rail Station,WSL
Walton (Merseyside) Rail Station,WAO
Wanborough Rail Station,WAN
Wandsworth Common Rail Station,WSW
Wapping Rail Station,WPE
Ware Rail Station,WAR
Wargrave Rail Station,WGV
Wareham Rail Station,WRM
Warnham Rail Station,WNH
Warwick Rail Station,WRW
Warwick Parkway Rail Station,WRP
Waterbeach Rail Station,WBC
Watford High Street Rail Station,WFH
Watford North Rail Station,WFN
Watford Junction Rail Station,WFJ
Watlington Rail Station,WTG
Watton-at-Stone Rail Station,WAS
London Waterloo Rail Station,WAT
Whatstandwell Rail Station,WTS
Waun-gron Park Rail Station,WNG
West Brompton Rail Station,WBP
West Byfleet Rail Station,WBY
West Calder Rail Station,WCL
Whitechapel Rail Station,ZWL
Whitchurch (Shrops) Rail Station,WTC
Wickham Market Rail Station,WCM
Westcliff-on-Sea Rail Station,WCF
Westcombe Park Rail Station,WCB
West Croydon Rail Station,WCY
Walsden Rail Station,WDN
Woodgrange Park Rail Station,WGR
South Woodham Ferrers Rail Station,SOF
Woodhouse Rail Station,WDH
Woodlesford Rail Station,WDS
Woodmansterne Rail Station,WME
Wood End Rail Station,WDE
Widney Manor Rail Station,WMR
Widdrington Rail Station,WDD
West Drayton Rail Station,WDT
Wood Street Rail Station,WST
West Dulwich Rail Station,WDU
Wandsworth Town Rail Station,WNT
West Ealing Rail Station,WEA
Wedgwood Rail Station,WED
Weeley Rail Station,WEE
Weeton Rail Station,WET
Welham Green Rail Station,WMG
Welling Rail Station,WLI
Wellington (Shropshire) Rail Station,WLN
Welshpool Rail Station,WLP
Wembley Stadium Rail Station,WCX
Wem Rail Station,WEM
Wemyss Bay Rail Station,WMS
Wendover Rail Station,WND
Westenhanger Rail Station,WHA
Wennington Rail Station,WNN
Westgate-on-Sea Rail Station,WGA
Westerton Rail Station,WES
Wetheral Rail Station,WRL
Weybridge Rail Station,WYB
Weymouth Rail Station,WEY
South Wigston Rail Station,SWS
Wester Hailes Rail Station,WTA
Whalley Rail Station,WHE
Whaley Bridge Rail Station,WBR
West Ham Rail Station,WEH
Whitchurch (Cardiff) Rail Station,WHT
Woodhall Rail Station,WDL
White Hart Lane Rail Station,WHL
Whifflet Rail Station,WFF
Whimple Rail Station,WHM
Whinhill Rail Station,WNL
Whiston Rail Station,WHN
Whitehaven Rail Station,WTH
Whitland Rail Station,WTL
Whitlocks End Rail Station,WTE
West Hampstead Rail Station,WHD
West Hampstead Thameslink Rail Station,WHP
West Horndon Rail Station,WHR
Whitstable Rail Station,WHI
Whitley Bridge Rail Station,WBD
Whitchurch (Hants) Rail Station,WCH
Whittlesea Rail Station,WLE
Whitton Rail Station,WTN
Whitwell (Derbys) Rail Station,WWL
Whyteleafe Rail Station,WHY
Whyteleafe South Rail Station,WHS
Wick Rail Station,WCK
Widnes Rail Station,WID
Wigan North Western Rail Station,WGN
Wigan Wallgate Rail Station,WGW
Wigton Rail Station,WGT
Wickford Rail Station,WIC
Wilmcote Rail Station,WMC
Wilnecote (Staffs) Rail Station,WNE
Wimbledon Rail Station,WIM
Wimbledon Chase Rail Station,WBO
Winchelsea Rail Station,WSE
Windsor & Eton Central Rail Station,WNC
Winnersh Rail Station,WNS
Winnersh Triangle Rail Station,WTI
Wishaw Rail Station,WSH
Witham (Essex) Rail Station,WTM
Witley Rail Station,WTY
Witton (West Midlands) Rail Station,WTT
Wivenhoe Rail Station,WIV
Wakefield Kirkgate Rail Station,WKK
Wakefield Westgate Rail Station,WKF
West Kilbride Rail Station,WKB
West Kirby Rail Station,WKI
Workington Rail Station,WKG
Wildmill Rail Station,WMI
Woldingham Rail Station,WOH
Wilmslow Rail Station,WML
Wellingborough Rail Station,WEL
Willington Rail Station,WIL
London Waterloo East Rail Station,WAE
Waterloo (Merseyside) Rail Station,WLO
Willesden Junction Rail Station,WIJ
Walthamstow Queens Road Rail Station,WMW
Walthamstow Central Rail Station,WHC
Wolverton Rail Station,WOL
Welwyn Garden City Rail Station,WGC
Welwyn North Rail Station,WLW
West Malling Rail Station,WMA
Wembley Central Rail Station,WMB
Windermere Rail Station,WDM
Weston Milton Rail Station,WNM
Woodsmoor Rail Station,WSR
Williamwood Rail Station,WLM
Winchfield Rail Station,WNF
Winchester Rail Station,WIN
Wandsworth Road Rail Station,WWR
Winchmore Hill Rail Station,WIH
West Norwood Rail Station,WNW
White Notley Rail Station,WNY
Winsford Rail Station,WSF
Wanstead Park Rail Station,WNP
Woburn Sands Rail Station,WOB
Woodbridge Rail Station,WDB
Woking Rail Station,WOK
Wokingham Rail Station,WKM
Wolsingham Rail Station,WLH
Woolston Rail Station,WLS
Woolwich Dockyard Rail Station,WWD
Woolwich Arsenal Rail Station,WWA
Wombwell Rail Station,WOM
Walton-on-the-Naze Rail Station,WON
Walton-on-Thames Rail Station,WAL
Woodley Rail Station,WLY
Wool Rail Station,WOO
Worcester Foregate Street Rail Station,WOF
Worcester Shrub Hill Rail Station,WOS
Worksop Rail Station,WRK
Worle Rail Station,WOR
Worstead Rail Station,WRT
Worthing Rail Station,WRH
Wootton Wawen Rail Station,WWW
Wrabness Rail Station,WRB
Warblington Rail Station,WBL
Worcester Park Rail Station,WCP
Wrenbury Rail Station,WRE
Wressle Rail Station,WRS
Wrexham Central Rail Station,WXC
Wrexham General Rail Station,WRX
Warrington Central Rail Station,WAC
Warrington Bank Quay Rail Station,WBQ
Warminster Rail Station,WMN
Hoveton & Wroxham Rail Station,HXM
Worplesdon Rail Station,WPL
West Ruislip Rail Station,WRU
West Runton Rail Station,WRN
Wraysbury Rail Station,WRY
West St Leonards Rail Station,WLD
Weston-super-Mare Rail Station,WSM
Windsor & Eton Riverside Rail Station,WNR
Westbury (Wilts) Rail Station,WSB
Westhoughton Rail Station,WHG
Westerfield Rail Station,WFI
West Sutton Rail Station,WSU
Whitby Rail Station,WTB
Whitecraigs Rail Station,WCR
Whittlesford Parkway Rail Station,WLF
Wateringbury Rail Station,WTR
Water Orton Rail Station,WTO
Wivelsfield Rail Station,WVF
Wolverhampton Rail Station,WVH
Wavertree Technology Park Rail Station,WAV
West Wickham Rail Station,WWI
West Worthing Rail Station,WWO
Wye Rail Station,WYE
Wylde Green Rail Station,WYL
Wylam Rail Station,WYM
Wymondham Rail Station,WMD
Wythall Rail Station,WYT
Yarm Rail Station,YRM
Yalding Rail Station,YAL
Great Yarmouth Rail Station,GYM
Yate Rail Station,YAE
Yatton Rail Station,YAT
Yeoford Rail Station,YEO
Ynyswen Rail Station,YNW
Yoker Rail Station,YOK
York Rail Station,YRK
Yorton Rail Station,YRT
Yeovil Junction Rail Station,YVJ
Yeovil Pen Mill Rail Station,YVP
Yardley Wood Rail Station,YRD
Ystrad Mynach Rail Station,YSM
Yetminster Rail Station,YET
Ystrad Rhondda Rail Station,YSR
